filename,sha256
account_gender.csv,0dd26907c99f75ffc0e4d743bfe3cbe766912946590715910312b37340bdaaf9
sensitive_ads_preferences.csv,ec335b43a773b36c7ef43ee7ba4c7b65b33a2675a8d6f7ae2e752ccceb92b23d
approved_submitter_subreddits.csv,4d55769d93bc80aca6ff82fcb170b9fbc148f3178f7805e9c46cdaed88907410
chat_history.csv,637a5a4db94983cf34c59339e84eac9d5e4017bbb95f92156b8a81c9e18a9373
comment_headers.csv,2916405f7ccfed6ae1b9fb6c12feb9d6498457f03631a4cdadc214af72f2efc8
comment_votes.csv,7bfdf5ef7eb87ab8c0aac505df79a158ff74102d13d11df803359d4373fe8243
comments.csv,899a06906456c52b6ecc0e8156ac7b5b67756a85563d22a1faf814dcc6f3adc1
drafts.csv,7e2f88186ae52f5166a680bf11b0212507b2e7abb86be80c720fd97f58efdfad
friends.csv,419156df88782a61047835629fae3b6f5d6df19ac2b93850d398191c3bbe3bc2
gilded_content.csv,6d8d1e40b307d00ead9abe3be44d2ba49b3b7ca9368e183da6358b777b36ad5a
gold_received.csv,f851d7ba4ad53e29621d09c961652c939d70f1f0f243f9f8419bd4deda2e79df
hidden_posts.csv,86044a5df2e4f791a52d9e0c1cc4acbc2404e023c314f2aa34433e5400acadf3
ip_logs.csv,24986c23a76d0f399db7e7ce68059bd7283d8aad8fd9ab140b0b3bd56a536f25
linked_identities.csv,196952dc68a65b93ff7fadfb10102177e28401c91423c4ddba8c0ad6f1b0ffcb
linked_phone_number.csv,bc3c167867a681229d216bc662b25e00bdad861c732e268c463492b742f0c855
message_headers.csv,4a637b6481649fc40b35e5f5b48c9b871df44bbf6a25b261b4329a0554cf6187
messages.csv,a216f5df1c3d07e31193200b0abbbf82494c6678678636709f4dabf9463cef3d
moderated_subreddits.csv,b1baae1b45011c72ba9170ed674b7693e31524aa71cbd5a8a62fcc6b7cd8069b
multireddits.csv,ddcf8a4a546ee031f54b7236b48bfdf2790f8de7e3dfffc74dbf472de8d99cb1
payouts.csv,cc9a2017b12a179e48cf8af33143179a4b86a2ff4add628a59e84473d3dab77d
persona.csv,f5d482c6e6d2e740c8609f27ede50a826acfd955df0a9890e659548a3d958719
poll_votes.csv,e26bbacee45fb88e7736af36414e0e9970bf2c3722f179cf33491a36592fad4e
post_headers.csv,364d5598529f10383af1add1583e10a402608dc96e0b88969ef4d124870ecf07
post_votes.csv,241e16efe28774ec0cb8c22a5852f7a3491584e35fd776e238e385f5652c116d
posts.csv,720fa6314ac1412dfdd6961d7916f52e9cbc77490e6ead70128c26f1e58efed8
purchases.csv,91abd5007ef709aafdf83f0a42d5dab8fa0a0d29603f323b5b307e41e3c39d6c
saved_comments.csv,86044a5df2e4f791a52d9e0c1cc4acbc2404e023c314f2aa34433e5400acadf3
saved_posts.csv,86044a5df2e4f791a52d9e0c1cc4acbc2404e023c314f2aa34433e5400acadf3
scheduled_posts.csv,406212d18cadd34e88c63db0d2830f079f85616467f7ee80a5a6ddd0a632c548
statistics.csv,a611f39e1cf4a5d22cb34681e8bf9795f5475a7307cff4077bf02dc662013783
stripe.csv,4e340ed72d4437a31e2a71ad67f24d82ed26f4f83e2bf855a94d4322dbd2a49d
subscribed_subreddits.csv,a3da04862529c9e4a6ecefa7f87f092144984652009ee09a5f2d3e7ed0bd867f
twitter.csv,646de9e92911aea703e8aeec72664bd8fed963984608d2dfb428490bb3da44bb
user_preferences.csv,2435ed4c1bbd1cda0c698ef1cb009db428e85013637eb3eba4b282de9987e9ac